norm,k_graph,alpha,conf_threshold,mean_macro_f1,mean_acc,mean_conf_assigned,pct_assigned
none,10,0.1,0.5,0.14995010342262782,0.30440585441337664,0.9237287005814913,0.8013975685181117
none,10,0.1,0.6,0.14995010342262782,0.30440585441337664,0.9519153877586582,0.7447436964508869
none,10,0.1,0.7,0.14995010342262782,0.30440585441337664,0.9689326010666091,0.7053232890499718
none,10,0.1,0.8,0.14995010342262782,0.30440585441337664,0.9808101945066766,0.6691828988209864
none,10,0.2,0.5,0.15864242168990664,0.31178351135850757,0.9105601659039988,0.8373564935988216
none,10,0.2,0.6,0.15864242168990664,0.31178351135850757,0.9405706456429557,0.7729622929825819
none,10,0.2,0.7,0.15864242168990664,0.31178351135850757,0.9594129679727406,0.726172718038607
none,10,0.2,0.8,0.15864242168990664,0.31178351135850757,0.9734601257350747,0.6802253275113324
none,10,0.3,0.5,0.15585144654835123,0.3023619678050247,0.8995648704627331,0.8512631609129216
none,10,0.3,0.6,0.15585144654835123,0.3023619678050247,0.9325925372895654,0.7776442355099116
none,10,0.3,0.7,0.15585144654835123,0.3023619678050247,0.9516511269089675,0.7284276112588932
none,10,0.3,0.8,0.15585144654835123,0.3023619678050247,0.9695909396775821,0.6687775672436204
none,10,0.5,0.5,0.15922492172392252,0.2956994562530895,0.8800733335106425,0.8423541376059198
none,10,0.5,0.6,0.15922492172392252,0.2956994562530895,0.9169545306748396,0.7579638372945796
none,10,0.5,0.7,0.15922492172392252,0.2956994562530895,0.9424211947806892,0.69184413713344
none,10,0.5,0.8,0.15922492172392252,0.2956994562530895,0.9649424663484201,0.6184067524864075
none,10,0.7,0.5,0.16674766027805357,0.3078273764748867,0.857877470432799,0.8034408341267212
none,10,0.7,0.6,0.16674766027805357,0.3078273764748867,0.9007534018047227,0.7042545103201205
none,10,0.7,0.7,0.16674766027805357,0.3078273764748867,0.930552602593845,0.6290682565389464
none,10,0.7,0.8,0.16674766027805357,0.3078273764748867,0.9582554699761888,0.5457097307387514
none,15,0.1,0.5,0.2094200634123638,0.3532345418986009,0.8965592180625905,0.9078009486012043
none,15,0.1,0.6,0.2094200634123638,0.3532345418986009,0.9380373226036364,0.8121013441583571
none,15,0.1,0.7,0.2094200634123638,0.3532345418986009,0.9602268034735745,0.7541999639764149
none,15,0.1,0.8,0.2094200634123638,0.3532345418986009,0.9742312208089361,0.7070593313824539
none,15,0.2,0.5,0.21048405263589892,0.3603204453136753,0.8824555256915151,0.9044714376401742
none,15,0.2,0.6,0.21048405263589892,0.3603204453136753,0.9242060875975301,0.8051345008835479
none,15,0.2,0.7,0.21048405263589892,0.3603204453136753,0.9470966784726528,0.7435119046214974
none,15,0.2,0.8,0.21048405263589892,0.3603204453136753,0.9637352978313167,0.6852780532736157
none,15,0.3,0.5,0.21502159251719585,0.37213028433879947,0.8687182584387934,0.9000424441697644
none,15,0.3,0.6,0.21502159251719585,0.37213028433879947,0.9128177182965397,0.7918925925848721
none,15,0.3,0.7,0.21502159251719585,0.37213028433879947,0.9362688245381084,0.7272927819421026
none,15,0.3,0.8,0.21502159251719585,0.37213028433879947,0.9565133195717364,0.6553983374592877
none,15,0.5,0.5,0.2094516242628394,0.3601614047153388,0.8431136813005863,0.8710898778574953
none,15,0.5,0.6,0.2094516242628394,0.3601614047153388,0.8879876317132315,0.757638119192633
none,15,0.5,0.7,0.2094516242628394,0.3601614047153388,0.9168546830608545,0.676051628298468
none,15,0.5,0.8,0.2094516242628394,0.3601614047153388,0.9465534192770236,0.572542337776425
none,15,0.7,0.5,0.2022799352694352,0.3553310838401857,0.8109318988446055,0.8222810413519647
none,15,0.7,0.6,0.2022799352694352,0.3553310838401857,0.8621754822345175,0.6892893612232044
none,15,0.7,0.7,0.2022799352694352,0.3553310838401857,0.9007070723213314,0.5839761620052614
none,15,0.7,0.8,0.2022799352694352,0.3553310838401857,0.9375748452522509,0.4675415377156151
none,20,0.1,0.5,0.17217700509928702,0.29158428077113197,0.8739050645964785,0.9256627847205526
none,20,0.1,0.6,0.17217700509928702,0.29158428077113197,0.9197254569374876,0.8127241903396358
none,20,0.1,0.7,0.17217700509928702,0.29158428077113197,0.9481132302626419,0.7352413745692914
none,20,0.1,0.8,0.17217700509928702,0.29158428077113197,0.9666515036879232,0.6721641339312648
none,20,0.2,0.5,0.17418443813786194,0.29391992090954033,0.8553493435845123,0.9180186387745182
none,20,0.2,0.6,0.17418443813786194,0.29391992090954033,0.9026461015747248,0.7972633683106118
none,20,0.2,0.7,0.17418443813786194,0.29391992090954033,0.9318146443958738,0.7149497810301679
none,20,0.2,0.8,0.17418443813786194,0.29391992090954033,0.9533225485031945,0.639505515661824
none,20,0.3,0.5,0.15672255021875062,0.284524705022674,0.8410966905149851,0.901904254746793
none,20,0.3,0.6,0.15672255021875062,0.284524705022674,0.8875749404112172,0.779271572838399
none,20,0.3,0.7,0.15672255021875062,0.284524705022674,0.9183812285489781,0.6898354272845312
none,20,0.3,0.8,0.15672255021875062,0.284524705022674,0.9432966467480033,0.6004167552566902
none,20,0.5,0.5,0.14866948134957417,0.2751821444690408,0.8090057459353944,0.8652284939672436
none,20,0.5,0.6,0.14866948134957417,0.2751821444690408,0.8569055651767769,0.7315936928767609
none,20,0.5,0.7,0.14866948134957417,0.2751821444690408,0.8935042327077357,0.6218899422423586
none,20,0.5,0.8,0.14866948134957417,0.2751821444690408,0.9284271846434683,0.4990891027005831
none,20,0.7,0.5,0.1555152456739903,0.2893012959659567,0.7695327816045677,0.8026291926195114
none,20,0.7,0.6,0.1555152456739903,0.2893012959659567,0.8223947866453513,0.6488753061425043
none,20,0.7,0.7,0.1555152456739903,0.2893012959659567,0.8688247159915568,0.5117658461016608
none,20,0.7,0.8,0.1555152456739903,0.2893012959659567,0.9123700988431098,0.37522316914319914
none,30,0.1,0.5,0.1376330678170864,0.2722377442025404,0.870425881257809,0.9392484227045861
none,30,0.1,0.6,0.1376330678170864,0.2722377442025404,0.916839987167605,0.8217149977610602
none,30,0.1,0.7,0.1376330678170864,0.2722377442025404,0.9445994454454084,0.7447019993017556
none,30,0.1,0.8,0.1376330678170864,0.2722377442025404,0.9644681743049798,0.6756749173613095
none,30,0.2,0.5,0.13687992217380235,0.2698757763975156,0.8530721432616298,0.9268588414170935
none,30,0.2,0.6,0.13687992217380235,0.2698757763975156,0.8986232503006493,0.8069330869334111
none,30,0.2,0.7,0.13687992217380235,0.2698757763975156,0.9277143266598276,0.7223578973374
none,30,0.2,0.8,0.13687992217380235,0.2698757763975156,0.9507337910873433,0.639167355216938
none,30,0.3,0.5,0.13586017412802037,0.2675138085924908,0.8351392088018598,0.9129345679169424
none,30,0.3,0.6,0.13586017412802037,0.2675138085924908,0.8805095104378567,0.7890428950561615
none,30,0.3,0.7,0.13586017412802037,0.2675138085924908,0.9137353702745465,0.6907778560355674
none,30,0.3,0.8,0.13586017412802037,0.2675138085924908,0.9407833516360403,0.5914133125212376
none,30,0.5,0.5,0.1415713863323376,0.27961540114767136,0.7992561642770758,0.8736256097464355
none,30,0.5,0.6,0.1415713863323376,0.27961540114767136,0.8496626120610026,0.7284839169395939
none,30,0.5,0.7,0.1415713863323376,0.27961540114767136,0.8880480064754043,0.6112050384450457
none,30,0.5,0.8,0.1415713863323376,0.27961540114767136,0.9229476902038992,0.48616023441274386
none,30,0.7,0.5,0.15835828268312904,0.2967853381761912,0.7582116212412487,0.8041485440804973
none,30,0.7,0.6,0.15835828268312904,0.2967853381761912,0.8139657824653344,0.6364744473181528
none,30,0.7,0.7,0.15835828268312904,0.2967853381761912,0.8598794594754281,0.49699016290216996
none,30,0.7,0.8,0.15835828268312904,0.2967853381761912,0.902679969508729,0.3558027178679297
none,50,0.1,0.5,0.1483967040699691,0.2795374927464592,0.8654369232926168,0.9404448803481141
none,50,0.1,0.6,0.1483967040699691,0.2795374927464592,0.9143672396350097,0.815724352861711
none,50,0.1,0.7,0.1483967040699691,0.2795374927464592,0.9439955153721984,0.73329683299412
none,50,0.1,0.8,0.1483967040699691,0.2795374927464592,0.9639157243152164,0.6651417584894824
none,50,0.2,0.5,0.14746438208805082,0.2771755249414344,0.8469764154431164,0.9275686379391662
none,50,0.2,0.6,0.14746438208805082,0.2771755249414344,0.8946567690914883,0.8009253504375816
none,50,0.2,0.7,0.14746438208805082,0.2771755249414344,0.9255395427281444,0.7113169445171798
none,50,0.2,0.8,0.14746438208805082,0.2771755249414344,0.9499743062373659,0.6242658195562805
none,50,0.3,0.5,0.13644476628889968,0.27016860452620944,0.8283237909190954,0.9151548833931721
none,50,0.3,0.6,0.13644476628889968,0.27016860452620944,0.877318131014515,0.7797104116870562
none,50,0.3,0.7,0.13644476628889968,0.27016860452620944,0.9107825291754413,0.6800867547656289
none,50,0.3,0.8,0.13644476628889968,0.27016860452620944,0.9382489391555495,0.580913286870504
none,50,0.5,0.5,0.14252727701154877,0.27486621246964255,0.792219718887778,0.8728291558299758
none,50,0.5,0.6,0.14252727701154877,0.27486621246964255,0.8447258875916086,0.7187314084910446
none,50,0.5,0.7,0.14252727701154877,0.27486621246964255,0.8831181007293393,0.6001872595678907
none,50,0.5,0.8,0.14252727701154877,0.27486621246964255,0.9183513677114593,0.4721752100875321
none,50,0.7,0.5,0.15276160184582085,0.29676008510821206,0.7492708125965087,0.8014095375651048
none,50,0.7,0.6,0.15276160184582085,0.29676008510821206,0.8050748302047186,0.6274837755236679
none,50,0.7,0.7,0.15276160184582085,0.29676008510821206,0.8508160180606007,0.48504937974136286
none,50,0.7,0.8,0.15276160184582085,0.29676008510821206,0.8996627218542949,0.32701485667239943
minmax,10,0.1,0.5,0.15718088742242928,0.2902856283178233,0.9048263103951509,0.7866159887933458
minmax,10,0.1,0.6,0.15718088742242928,0.2902856283178233,0.9328100350587332,0.7289249701041381
minmax,10,0.1,0.7,0.15718088742242928,0.2902856283178233,0.9569945108401807,0.6716045032061726
minmax,10,0.1,0.8,0.15718088742242928,0.2902856283178233,0.9737317938954025,0.6203166894207328
minmax,10,0.2,0.5,0.1567446135786276,0.2879236605127985,0.891769795302689,0.8009133697904364
minmax,10,0.2,0.6,0.1567446135786276,0.2879236605127985,0.9224819898314497,0.733845497975968
minmax,10,0.2,0.7,0.1567446135786276,0.2879236605127985,0.947444084686844,0.6721911277534515
minmax,10,0.2,0.8,0.1567446135786276,0.2879236605127985,0.9662079679685709,0.612872367821854
minmax,10,0.3,0.5,0.15566498683679678,0.2902856283178233,0.8823887436681428,0.8108488889312584
minmax,10,0.3,0.6,0.15566498683679678,0.2902856283178233,0.9160455377732944,0.7348363332632445
minmax,10,0.3,0.7,0.15566498683679678,0.2902856283178233,0.9403485685478136,0.672858821437205
minmax,10,0.3,0.8,0.15566498683679678,0.2902856283178233,0.9623389337993213,0.602476893055962
minmax,10,0.5,0.5,0.15389108963281484,0.2882417417094715,0.8627990385639391,0.8079135471367765
minmax,10,0.5,0.6,0.15389108963281484,0.2882417417094715,0.9007175197265685,0.7201643547940814
minmax,10,0.5,0.7,0.15389108963281484,0.2882417417094715,0.9287384051434674,0.6474692590365114
minmax,10,0.5,0.8,0.15389108963281484,0.2882417417094715,0.9561406026225145,0.5610697246320576
minmax,10,0.7,0.5,0.16085405782381126,0.29755797459648825,0.8434479562931264,0.7765348663632903
minmax,10,0.7,0.6,0.16085405782381126,0.29755797459648825,0.8840779647433967,0.6818481705224864
minmax,10,0.7,0.7,0.16085405782381126,0.29755797459648825,0.9202501174067775,0.5900323418805824
minmax,10,0.7,0.8,0.16085405782381126,0.29755797459648825,0.9518453407739722,0.49636674138251397
minmax,15,0.1,0.5,0.18020210246497081,0.31517870575340107,0.8779118166691254,0.8754533060504869
minmax,15,0.1,0.6,0.18020210246497081,0.31517870575340107,0.9198997647996953,0.7762469181144285
minmax,15,0.1,0.7,0.18020210246497081,0.31517870575340107,0.9480009142372604,0.7034175084721451
minmax,15,0.1,0.8,0.18020210246497081,0.31517870575340107,0.9677279962289266,0.6402540225248106
minmax,15,0.2,0.5,0.1803813741736543,0.31517870575340107,0.8634299902974024,0.8613203902634191
minmax,15,0.2,0.6,0.1803813741736543,0.31517870575340107,0.9056145152474963,0.7594685075832096
minmax,15,0.2,0.7,0.1803813741736543,0.31517870575340107,0.9344859320557894,0.6827522280850734
minmax,15,0.2,0.8,0.1803813741736543,0.31517870575340107,0.9574613608139253,0.6075222517973385
minmax,15,0.3,0.5,0.18455950486794573,0.32019439489350726,0.8499986427008986,0.8493265881560822
minmax,15,0.3,0.6,0.18455950486794573,0.32019439489350726,0.8928740919964566,0.7433190312218573
minmax,15,0.3,0.7,0.18455950486794573,0.32019439489350726,0.9246855747574024,0.6574946824957247
minmax,15,0.3,0.8,0.18455950486794573,0.32019439489350726,0.9507866939165178,0.5727698382633277
minmax,15,0.5,0.5,0.18326090170090664,0.3202207225601238,0.8254341745767008,0.8108582248895662
minmax,15,0.5,0.6,0.18326090170090664,0.3202207225601238,0.8718107230044887,0.6941496923778829
minmax,15,0.5,0.7,0.18326090170090664,0.3202207225601238,0.9093612776897008,0.5944317803270189
minmax,15,0.5,0.8,0.18326090170090664,0.3202207225601238,0.9419557608110698,0.4944987631965643
minmax,15,0.7,0.5,0.1830217589932285,0.3225300350319156,0.8006112617251943,0.7602474988199068
minmax,15,0.7,0.6,0.1830217589932285,0.3225300350319156,0.8523662279911929,0.6310345242754765
minmax,15,0.7,0.7,0.1830217589932285,0.3225300350319156,0.8969196568201965,0.5190771386603813
minmax,15,0.7,0.8,0.1830217589932285,0.3225300350319156,0.9341258528699891,0.415464121131827
minmax,20,0.1,0.5,0.19804858404165696,0.32850265425863434,0.8608723215638244,0.8949994588633468
minmax,20,0.1,0.6,0.19804858404165696,0.32850265425863434,0.9089924799963232,0.7771159741018135
minmax,20,0.1,0.7,0.19804858404165696,0.32850265425863434,0.9394539267122878,0.6956324490301542
minmax,20,0.1,0.8,0.19804858404165696,0.32850265425863434,0.9624023429040626,0.6203924642914179
minmax,20,0.2,0.5,0.19877687535818359,0.32850265425863434,0.8446849578896606,0.8750928707108269
minmax,20,0.2,0.6,0.19877687535818359,0.32850265425863434,0.8921428330630684,0.75565735435409
minmax,20,0.2,0.7,0.19877687535818359,0.32850265425863434,0.9235141442657412,0.6692259696275799
minmax,20,0.2,0.8,0.19877687535818359,0.32850265425863434,0.9499091540984868,0.5807544054680208
minmax,20,0.3,0.5,0.19755125553394784,0.32850265425863434,0.829518259039071,0.8557519415445772
minmax,20,0.3,0.6,0.19755125553394784,0.32850265425863434,0.8777334997327019,0.7318330740111721
minmax,20,0.3,0.7,0.19755125553394784,0.32850265425863434,0.9115387985469855,0.6366825325302449
minmax,20,0.3,0.8,0.19755125553394784,0.32850265425863434,0.9395831324379161,0.54263104097272
minmax,20,0.5,0.5,0.19571580835541427,0.3355622300070924,0.8007948002493709,0.8103185723020262
minmax,20,0.5,0.6,0.19571580835541427,0.3355622300070924,0.8507773326019455,0.6781054493405279
minmax,20,0.5,0.7,0.19571580835541427,0.3355622300070924,0.890228493382122,0.5666090786851762
minmax,20,0.5,0.8,0.19571580835541427,0.3355622300070924,0.9265754315735806,0.44885112595795795
minmax,20,0.7,0.5,0.19679712308415676,0.3379505254787337,0.7731368948371449,0.7440079306651631
minmax,20,0.7,0.6,0.19679712308415676,0.3379505254787337,0.8253936982253531,0.6040598606282942
minmax,20,0.7,0.7,0.19679712308415676,0.3379505254787337,0.8724072212581039,0.4768347507020665
minmax,20,0.7,0.8,0.19679712308415676,0.3379505254787337,0.9148037688470204,0.35306247538912755
minmax,30,0.1,0.5,0.20247608605776737,0.31926755356874204,0.8558422288144215,0.913479010589224
minmax,30,0.1,0.6,0.20247608605776737,0.31926755356874204,0.9037336404157812,0.7911761521910169
minmax,30,0.1,0.7,0.20247608605776737,0.31926755356874204,0.9360223654895167,0.7020453461166168
minmax,30,0.1,0.8,0.20247608605776737,0.31926755356874204,0.9619960975790334,0.61529228184353
minmax,30,0.2,0.5,0.20266784131007623,0.31926755356874204,0.8384506069543369,0.8951434444298569
minmax,30,0.2,0.6,0.20266784131007623,0.31926755356874204,0.8859356634150409,0.7704422877874918
minmax,30,0.2,0.7,0.20266784131007623,0.31926755356874204,0.920558229848985,0.6725865108990533
minmax,30,0.2,0.8,0.20266784131007623,0.31926755356874204,0.9498573402880904,0.573737431708953
minmax,30,0.3,0.5,0.1982594574646315,0.31456994562530904,0.8236170132318249,0.8736289501039526
minmax,30,0.3,0.6,0.1982594574646315,0.31456994562530904,0.872536708148464,0.7429084809864036
minmax,30,0.3,0.7,0.1982594574646315,0.31456994562530904,0.909245272347007,0.6377892540211132
minmax,30,0.3,0.8,0.1982594574646315,0.31456994562530904,0.9403235746920161,0.5338156521505218
minmax,30,0.5,0.5,0.19369521773755843,0.30758935287670053,0.7970713477402899,0.8216295163108454
minmax,30,0.5,0.6,0.19369521773755843,0.30758935287670053,0.8475017798214317,0.683569517869433
minmax,30,0.5,0.7,0.19369521773755843,0.30758935287670053,0.8895075641577531,0.5643602499856639
minmax,30,0.5,0.8,0.19369521773755843,0.30758935287670053,0.9249387041494148,0.4502045387220553
minmax,30,0.7,0.5,0.19174211162194615,0.307615680543317,0.768986078365844,0.7563809267745695
minmax,30,0.7,0.6,0.19174211162194615,0.307615680543317,0.8240635431901217,0.605896802424056
minmax,30,0.7,0.7,0.19174211162194615,0.307615680543317,0.8702647169494065,0.4798949942315964
minmax,30,0.7,0.8,0.19174211162194615,0.307615680543317,0.9126547162502027,0.35485990169125786
minmax,50,0.1,0.5,0.19438248741078096,0.34315158288379294,0.8495292526938868,0.9158827424469144
minmax,50,0.1,0.6,0.19438248741078096,0.34315158288379294,0.8968695460727975,0.7911949155956272
minmax,50,0.1,0.7,0.19438248741078096,0.34315158288379294,0.934990930942146,0.6856480453149452
minmax,50,0.1,0.8,0.19438248741078096,0.34315158288379294,0.9596216577594937,0.6047792061186014
minmax,50,0.2,0.5,0.19332107933596457,0.34315158288379294,0.8315798646692486,0.895948486033996
minmax,50,0.2,0.6,0.19332107933596457,0.34315158288379294,0.8809575099125673,0.7626355712743584
minmax,50,0.2,0.7,0.19332107933596457,0.34315158288379294,0.9193609653648828,0.6543148185835593
minmax,50,0.2,0.8,0.19332107933596457,0.34315158288379294,0.9467820653238198,0.5629063685689789
minmax,50,0.3,0.5,0.19107389937252164,0.3407896150787681,0.815512920880037,0.8749839704983974
minmax,50,0.3,0.6,0.19107389937252164,0.3407896150787681,0.8671902622457092,0.7331764677698317
minmax,50,0.3,0.7,0.19107389937252164,0.3407896150787681,0.9068592324478099,0.6206496312075311
minmax,50,0.3,0.8,0.19107389937252164,0.3407896150787681,0.9370105737558986,0.5200585372601437
minmax,50,0.5,0.5,0.18518711948040728,0.3313417438586688,0.7879169486911258,0.8192976174607258
minmax,50,0.5,0.6,0.18518711948040728,0.3313417438586688,0.8406354155863723,0.6723464593390617
minmax,50,0.5,0.7,0.18518711948040728,0.3313417438586688,0.8831480872546398,0.5511870917777413
minmax,50,0.5,0.8,0.18518711948040728,0.3313417438586688,0.9201154035589303,0.4305169931834622
minmax,50,0.7,0.5,0.1854698148032923,0.3269622171119087,0.7589690941168197,0.75020338340524
minmax,50,0.7,0.6,0.1854698148032923,0.3269622171119087,0.8144886884072638,0.5932699007193752
minmax,50,0.7,0.7,0.1854698148032923,0.3269622171119087,0.8634509891990948,0.4581524460647681
minmax,50,0.7,0.8,0.1854698148032923,0.3269622171119087,0.9062802867826288,0.33193491540682823
standard,10,0.1,0.5,0.1185374671704689,0.21122257086978014,0.8991325427345555,0.9317320139161801
standard,10,0.1,0.6,0.1185374671704689,0.21122257086978014,0.9381737426228994,0.8388115065289065
standard,10,0.1,0.7,0.1185374671704689,0.21122257086978014,0.9609739953802571,0.7789666359352898
standard,10,0.1,0.8,0.1185374671704689,0.21122257086978014,0.9768213784844647,0.7265135400983391
standard,10,0.2,0.5,0.1197630621012974,0.2088342753981388,0.889342576454155,0.93302170687281
standard,10,0.2,0.6,0.1197630621012974,0.2088342753981388,0.9291398041660143,0.8353310241561176
standard,10,0.2,0.7,0.1197630621012974,0.2088342753981388,0.9525524197225396,0.7716970118536258
standard,10,0.2,0.8,0.1197630621012974,0.2088342753981388,0.9701753969858631,0.7117388465596507
standard,10,0.3,0.5,0.12020023288239184,0.2088342753981388,0.8809297046218872,0.9302432384871322
standard,10,0.3,0.6,0.12020023288239184,0.2088342753981388,0.9217303465533236,0.8282535160108916
standard,10,0.3,0.7,0.12020023288239184,0.2088342753981388,0.9452819191202538,0.7635668646572803
standard,10,0.3,0.8,0.12020023288239184,0.2088342753981388,0.9658356130534611,0.6926593718425792
standard,10,0.5,0.5,0.12418295863414873,0.2111962432031636,0.8664564177988417,0.9188574035051955
standard,10,0.5,0.6,0.12418295863414873,0.2111962432031636,0.9080545332027773,0.8125809196051598
standard,10,0.5,0.7,0.12418295863414873,0.2111962432031636,0.9353685688862786,0.7361780635308643
standard,10,0.5,0.8,0.12418295863414873,0.2111962432031636,0.9591403138828315,0.6552375887484119
standard,10,0.7,0.5,0.12514988439389457,0.21353188334157192,0.8527842321812645,0.9045837110407406
standard,10,0.7,0.6,0.12514988439389457,0.21353188334157192,0.8978336922851803,0.7875089355013479
standard,10,0.7,0.7,0.12514988439389457,0.21353188334157192,0.9271077193195061,0.705896425878731
standard,10,0.7,0.8,0.12514988439389457,0.21353188334157192,0.9532674514389169,0.6173815021247171
standard,15,0.1,0.5,0.15407864313933245,0.2701137999957016,0.9005343240280412,0.9509525040257248
standard,15,0.1,0.6,0.15407864313933245,0.2701137999957016,0.9303204534310422,0.8759278296673899
standard,15,0.1,0.7,0.15407864313933245,0.2701137999957016,0.9541642224884826,0.8077222304192254
standard,15,0.1,0.8,0.15407864313933245,0.2701137999957016,0.9732846376420548,0.7385863480957537
standard,15,0.2,0.5,0.15471184605525468,0.2701137999957016,0.8888675304122211,0.9456671423136744
standard,15,0.2,0.6,0.15471184605525468,0.2701137999957016,0.9210347078495212,0.8629864762595295
standard,15,0.2,0.7,0.15471184605525468,0.2701137999957016,0.9459540113104331,0.7904345612075797
standard,15,0.2,0.8,0.15471184605525468,0.2701137999957016,0.9663581026323055,0.7158795700168029
standard,15,0.3,0.5,0.15517879100316845,0.2701137999957016,0.8790677655584171,0.9398445332339468
standard,15,0.3,0.6,0.15517879100316845,0.2701137999957016,0.9130219610022642,0.8515375289095534
standard,15,0.3,0.7,0.15517879100316845,0.2701137999957016,0.9391084978198819,0.7745879602782247
standard,15,0.3,0.8,0.15517879100316845,0.2701137999957016,0.961356854387077,0.6930180557537758
standard,15,0.5,0.5,0.15589915340919833,0.2701137999957016,0.8631160283414466,0.9247900040628442
standard,15,0.5,0.6,0.15589915340919833,0.2701137999957016,0.899165798302833,0.8289587770679206
standard,15,0.5,0.7,0.15589915340919833,0.2701137999957016,0.9283352200225612,0.7415248834827214
standard,15,0.5,0.8,0.15589915340919833,0.2701137999957016,0.9548436636395478,0.6457702819633698
standard,15,0.7,0.5,0.1613175403861714,0.2749967762040878,0.8497246420956829,0.9059832393474538
standard,15,0.7,0.6,0.1613175403861714,0.2749967762040878,0.8870586203712141,0.8047893652937637
standard,15,0.7,0.7,0.1613175403861714,0.2749967762040878,0.9211150251983381,0.7038056160848347
standard,15,0.7,0.8,0.1613175403861714,0.2749967762040878,0.9494080178949722,0.6029801912035642
standard,20,0.1,0.5,0.14659726271073625,0.2779675041372047,0.8854489922888393,0.9318367405299558
standard,20,0.1,0.6,0.14659726271073625,0.2779675041372047,0.9207690091971662,0.8428417652121915
standard,20,0.1,0.7,0.14659726271073625,0.2779675041372047,0.9514235240036725,0.7576795345334494
standard,20,0.1,0.8,0.14659726271073625,0.2779675041372047,0.9718220162061743,0.6885205904260383
standard,20,0.2,0.5,0.14651495171147025,0.2779675041372047,0.8745767266883336,0.9245828883024837
standard,20,0.2,0.6,0.14651495171147025,0.2779675041372047,0.9119111607928879,0.8289713963314234
standard,20,0.2,0.7,0.14651495171147025,0.2779675041372047,0.943384302026114,0.739866782647296
standard,20,0.2,0.8,0.14651495171147025,0.2779675041372047,0.9642325652394756,0.6678159618112648
standard,20,0.3,0.5,0.14694632426048984,0.2779675041372047,0.865581465622332,0.9163859489362892
standard,20,0.3,0.6,0.14694632426048984,0.2779675041372047,0.9040265247360509,0.8167086351815439
standard,20,0.3,0.7,0.14694632426048984,0.2779675041372047,0.9365606726011042,0.7235771674953447
standard,20,0.3,0.8,0.14694632426048984,0.2779675041372047,0.9593368617835752,0.6437594218061234
standard,20,0.5,0.5,0.14713694553926587,0.27565819166541305,0.8501810216436997,0.8983709575366553
standard,20,0.5,0.6,0.14713694553926587,0.27565819166541305,0.8895497238320388,0.7943294218661204
standard,20,0.5,0.7,0.14713694553926587,0.27565819166541305,0.9248464676771988,0.6924034916922203
standard,20,0.5,0.8,0.14713694553926587,0.27565819166541305,0.9519160804781944,0.5988089708970658
standard,20,0.7,0.5,0.14223182662895661,0.2709869113885964,0.8360617982438897,0.8796325510360093
standard,20,0.7,0.6,0.14223182662895661,0.2709869113885964,0.8777462893496795,0.7680912137395106
standard,20,0.7,0.7,0.14223182662895661,0.2709869113885964,0.9160201247053696,0.6572154660244859
standard,20,0.7,0.8,0.14223182662895661,0.2709869113885964,0.9457853386785035,0.5565087583190149
standard,30,0.1,0.5,0.1478733376386278,0.28930022136731925,0.8941004780797109,0.9400163405136052
standard,30,0.1,0.6,0.1478733376386278,0.28930022136731925,0.9296515109846556,0.8514848713916718
standard,30,0.1,0.7,0.1478733376386278,0.28930022136731925,0.9547420473502104,0.7816632425074114
standard,30,0.1,0.8,0.1478733376386278,0.28930022136731925,0.9726942632473121,0.7194528536332586
standard,30,0.2,0.5,0.14873001037308106,0.28930022136731925,0.8824997500686053,0.9330631568195319
standard,30,0.2,0.6,0.14873001037308106,0.28930022136731925,0.9200497409844616,0.8380167556218251
standard,30,0.2,0.7,0.14873001037308106,0.28930022136731925,0.9452175965149071,0.7671279409493982
standard,30,0.2,0.8,0.14873001037308106,0.28930022136731925,0.9658294514363556,0.6953091621450579
standard,30,0.3,0.5,0.14891136232562677,0.28930022136731925,0.8733806382684787,0.924403390146091
standard,30,0.3,0.6,0.14891136232562677,0.28930022136731925,0.9119763743257057,0.8254110904402037
standard,30,0.3,0.7,0.14891136232562677,0.28930022136731925,0.9398050446732374,0.7458147374779687
standard,30,0.3,0.8,0.14891136232562677,0.28930022136731925,0.9616752225634194,0.6685182947417697
standard,30,0.5,0.5,0.15112221204219042,0.2916621891723441,0.8575402157308042,0.9064702823984558
standard,30,0.5,0.6,0.15112221204219042,0.2916621891723441,0.8982903879200924,0.7999279562490313
standard,30,0.5,0.7,0.15112221204219042,0.2916621891723441,0.9301723749328633,0.7084537338809368
standard,30,0.5,0.8,0.15112221204219042,0.2916621891723441,0.9559744435939453,0.6190368346822597
standard,30,0.7,0.5,0.14790370754685628,0.27971963721549997,0.8435728014390133,0.8853907909915618
standard,30,0.7,0.6,0.14790370754685628,0.27971963721549997,0.8872478168480802,0.7705115208288253
standard,30,0.7,0.7,0.14790370754685628,0.27971963721549997,0.9239375653478924,0.6673445154691767
standard,30,0.7,0.8,0.14790370754685628,0.27971963721549997,0.9515495145580527,0.5751313744328415
standard,50,0.1,0.5,0.157009346222149,0.28935395129918967,0.8843595408624939,0.9605007397240155
standard,50,0.1,0.6,0.157009346222149,0.28935395129918967,0.9242878303651051,0.857283886272079
standard,50,0.1,0.7,0.157009346222149,0.28935395129918967,0.9512561230364787,0.7814147333905904
standard,50,0.1,0.8,0.157009346222149,0.28935395129918967,0.9715037630224969,0.7112569140202419
standard,50,0.2,0.5,0.15395195819325677,0.2844709750908036,0.8727296437618608,0.9514060822906901
standard,50,0.2,0.6,0.15395195819325677,0.2844709750908036,0.9130153326285194,0.8454868807018835
standard,50,0.2,0.7,0.15395195819325677,0.2844709750908036,0.9427559607445288,0.7608760774949554
standard,50,0.2,0.8,0.15395195819325677,0.2844709750908036,0.9640142405398812,0.6866445811651736
standard,50,0.3,0.5,0.16060622952745895,0.2922193685658407,0.8637178580194188,0.9410997606056458
standard,50,0.3,0.6,0.16060622952745895,0.2922193685658407,0.9060761598540402,0.8284062862488013
standard,50,0.3,0.7,0.16060622952745895,0.2922193685658407,0.9356070193960034,0.7435980061326896
standard,50,0.3,0.8,0.16060622952745895,0.2922193685658407,0.959152257098877,0.6611318087548047
standard,50,0.5,0.5,0.16383493390340348,0.2922456962324572,0.8483295832033031,0.9198240915309578
standard,50,0.5,0.6,0.16383493390340348,0.2922456962324572,0.8932037364341805,0.7977885784408821
standard,50,0.5,0.7,0.16383493390340348,0.2922456962324572,0.9252981132694003,0.7050032567979955
standard,50,0.5,0.8,0.16383493390340348,0.2922456962324572,0.9522787444830104,0.6117659829542764
standard,50,0.7,0.5,0.16649652651247507,0.294607664037482,0.8345824395001135,0.8935887390359993
standard,50,0.7,0.6,0.16649652651247507,0.294607664037482,0.8818864476750754,0.7652987255360785
standard,50,0.7,0.7,0.16649652651247507,0.294607664037482,0.9174889947000969,0.6634825693554808
standard,50,0.7,0.8,0.16649652651247507,0.294607664037482,0.946781485889065,0.5646083805775951
robust,10,0.1,0.5,0.15729848736736773,0.2843130090911045,0.9108034614193534,0.9301067493428099
robust,10,0.1,0.6,0.15729848736736773,0.2843130090911045,0.9395769274540052,0.8618055767063785
robust,10,0.1,0.7,0.15729848736736773,0.2843130090911045,0.9603347675236639,0.8045304707088282
robust,10,0.1,0.8,0.15729848736736773,0.2843130090911045,0.9757175265386664,0.7509616644545147
robust,10,0.2,0.5,0.15378052181892807,0.2796417288142879,0.8997738289112953,0.9431149016082383
robust,10,0.2,0.6,0.15378052181892807,0.2796417288142879,0.9293039138349829,0.8696883712748935
robust,10,0.2,0.7,0.15378052181892807,0.2796417288142879,0.950803456509545,0.8077786002777086
robust,10,0.2,0.8,0.15378052181892807,0.2796417288142879,0.9688120774665845,0.7421896940543787
robust,10,0.3,0.5,0.15097866513396366,0.27255582539921336,0.8898683732497611,0.9418399401885674
robust,10,0.3,0.6,0.15097866513396366,0.27255582539921336,0.918658355601243,0.8684747069088442
robust,10,0.3,0.7,0.15097866513396366,0.27255582539921336,0.9443102516569509,0.7926865572107626
robust,10,0.3,0.8,0.15097866513396366,0.27255582539921336,0.9638024499746655,0.7208287599683786
robust,10,0.5,0.5,0.14760288910184363,0.2702201852608051,0.8723040872096458,0.9315666380820331
robust,10,0.5,0.6,0.14760288910184363,0.2702201852608051,0.9039087133216919,0.848688310318792
robust,10,0.5,0.7,0.14760288910184363,0.2702201852608051,0.932389995280608,0.7632174232708787
robust,10,0.5,0.8,0.14760288910184363,0.2702201852608051,0.9561664916791601,0.6764561833951914
robust,10,0.7,0.5,0.14650485763183985,0.27024651292742163,0.8581368135230137,0.9130755417239639
robust,10,0.7,0.6,0.14650485763183985,0.27024651292742163,0.8918845713518317,0.8234134979876847
robust,10,0.7,0.7,0.14650485763183985,0.27024651292742163,0.9239008576263362,0.726590256794397
robust,10,0.7,0.8,0.14650485763183985,0.27024651292742163,0.95066532087497,0.6295938680782646
robust,15,0.1,0.5,0.16431921257597362,0.3019600679146339,0.8798254672221083,0.9420282011779179
robust,15,0.1,0.6,0.16431921257597362,0.3019600679146339,0.919441550533194,0.8422756733481161
robust,15,0.1,0.7,0.16431921257597362,0.3019600679146339,0.9487792971986856,0.759880522842525
robust,15,0.1,0.8,0.16431921257597362,0.3019600679146339,0.9698788019076744,0.6874142438851699
robust,15,0.2,0.5,0.16306560132755268,0.3019600679146339,0.8678635422071262,0.9341517229288733
robust,15,0.2,0.6,0.16306560132755268,0.3019600679146339,0.9085620615258252,0.8291118127717921
robust,15,0.2,0.7,0.16306560132755268,0.3019600679146339,0.9402836253839778,0.7385450311008835
robust,15,0.2,0.8,0.16306560132755268,0.3019600679146339,0.9622609704357793,0.6624470476060009
robust,15,0.3,0.5,0.1647393923150692,0.3043220357196587,0.8573562684955144,0.9267790603839168
robust,15,0.3,0.6,0.1647393923150692,0.3043220357196587,0.9006734781649625,0.8129524497731982
robust,15,0.3,0.7,0.1647393923150692,0.3043220357196587,0.9328568321172336,0.7209402601470454
robust,15,0.3,0.8,0.1647393923150692,0.3043220357196587,0.9564228722078617,0.638897909965072
robust,15,0.5,0.5,0.16006294305726168,0.29707709170624774,0.8393163537013791,0.9072273136711416
robust,15,0.5,0.6,0.16006294305726168,0.29707709170624774,0.886358779007248,0.7815358650031455
robust,15,0.5,0.7,0.16006294305726168,0.29707709170624774,0.920853656902834,0.6824259927184687
robust,15,0.5,0.8,0.16006294305726168,0.29707709170624774,0.9482757783058456,0.5876250755026562
robust,15,0.7,0.5,0.1573710314094373,0.2876555481527649,0.8242936728951538,0.8822818799345219
robust,15,0.7,0.6,0.1573710314094373,0.2876555481527649,0.8725866729173518,0.7512346702236039
robust,15,0.7,0.7,0.1573710314094373,0.2876555481527649,0.9106526283946147,0.6424278026399102
robust,15,0.7,0.8,0.1573710314094373,0.2876555481527649,0.9415887408210836,0.5379531791941871
robust,20,0.1,0.5,0.1593820500396167,0.31429860946936317,0.8753040422421462,0.9268531078776073
robust,20,0.1,0.6,0.1593820500396167,0.31429860946936317,0.9140021998513705,0.8289790098251704
robust,20,0.1,0.7,0.1593820500396167,0.31429860946936317,0.9477074621281374,0.7371955599080727
robust,20,0.1,0.8,0.1593820500396167,0.31429860946936317,0.9676462208264217,0.6708245288747973
robust,20,0.2,0.5,0.16182549871150334,0.316660577274388,0.8619100292788494,0.9197694022597558
robust,20,0.2,0.6,0.16182549871150334,0.316660577274388,0.9016060332631759,0.8170220918980653
robust,20,0.2,0.7,0.16182549871150334,0.316660577274388,0.9368284917068482,0.7188508489862014
robust,20,0.2,0.8,0.16182549871150334,0.316660577274388,0.9594761798609696,0.6420079561347204
robust,20,0.3,0.5,0.16162847697768656,0.316660577274388,0.8510068005429483,0.9100006673866811
robust,20,0.3,0.6,0.16162847697768656,0.316660577274388,0.8920291198727264,0.8016545022152277
robust,20,0.3,0.7,0.16162847697768656,0.316660577274388,0.9280555915062217,0.7001215652637037
robust,20,0.3,0.8,0.16162847697768656,0.316660577274388,0.9534837193200701,0.6137355071235311
robust,20,0.5,0.5,0.16389056589629897,0.31668690494100454,0.8314038048484429,0.8891807424737603
robust,20,0.5,0.6,0.16389056589629897,0.31668690494100454,0.8760895611938441,0.7684753667459416
robust,20,0.5,0.7,0.16389056589629897,0.31668690494100454,0.9159720068516938,0.6556176015947834
robust,20,0.5,0.8,0.16389056589629897,0.31668690494100454,0.9439935863031378,0.5620394003658394
robust,20,0.7,0.5,0.1529158664123598,0.29251004749725973,0.8151786144860615,0.8623574222214213
robust,20,0.7,0.6,0.1529158664123598,0.29251004749725973,0.8632191011884475,0.7306263919398007
robust,20,0.7,0.7,0.1529158664123598,0.29251004749725973,0.9055076935291956,0.612181504086072
robust,20,0.7,0.8,0.1529158664123598,0.29251004749725973,0.938437039582067,0.5055554174675357
robust,30,0.1,0.5,0.1470828358404172,0.29195501730103796,0.8873989034700916,0.9309840928000933
robust,30,0.1,0.6,0.1470828358404172,0.29195501730103796,0.9241332406355006,0.840309160962669
robust,30,0.1,0.7,0.1470828358404172,0.29195501730103796,0.9528173084314074,0.7604854767249791
robust,30,0.1,0.8,0.1470828358404172,0.29195501730103796,0.9715165290159504,0.6959678276758057
robust,30,0.2,0.5,0.14697176592225386,0.29195501730103796,0.8755131419199752,0.9249897475980364
robust,30,0.2,0.6,0.14697176592225386,0.29195501730103796,0.9131574408497366,0.8297695076591783
robust,30,0.2,0.7,0.14697176592225386,0.29195501730103796,0.9431370179824595,0.7453571668636912
robust,30,0.2,0.8,0.14697176592225386,0.29195501730103796,0.9640824092355293,0.6717743644569071
robust,30,0.3,0.5,0.1486484714628579,0.29431698510606286,0.8654976261821773,0.9149908571650179
robust,30,0.3,0.6,0.1486484714628579,0.29431698510606286,0.9050235094425965,0.8132944051459345
robust,30,0.3,0.7,0.1486484714628579,0.29431698510606286,0.9359496591779367,0.7258599134841139
robust,30,0.3,0.8,0.1486484714628579,0.29431698510606286,0.9594917058839373,0.6432856769072092
robust,30,0.5,0.5,0.14779184568493722,0.2896720324958628,0.84808267936184,0.8933105954207857
robust,30,0.5,0.6,0.14779184568493722,0.2896720324958628,0.8933733042982759,0.7753410121149756
robust,30,0.5,0.7,0.14779184568493722,0.2896720324958628,0.9267409096056661,0.6820397689024386
robust,30,0.5,0.8,0.14779184568493722,0.2896720324958628,0.9528108219014598,0.5933049886026295
robust,30,0.7,0.5,0.14192417130284532,0.28027681660899656,0.8348796578836423,0.8639615900572167
robust,30,0.7,0.6,0.14192417130284532,0.28027681660899656,0.883824462186748,0.7381624856032052
robust,30,0.7,0.7,0.14192417130284532,0.28027681660899656,0.9186551602222068,0.6429038967520816
robust,30,0.7,0.8,0.14192417130284532,0.28027681660899656,0.948501909947706,0.5448112838804933
robust,50,0.1,0.5,0.16854770139566116,0.3071337230544392,0.8884172207664692,0.8996672888932977
robust,50,0.1,0.6,0.16854770139566116,0.3071337230544392,0.9224003174225621,0.8178335083574545
robust,50,0.1,0.7,0.16854770139566116,0.3071337230544392,0.9502277822772256,0.743559238471945
robust,50,0.1,0.8,0.16854770139566116,0.3071337230544392,0.9689128002299653,0.6801653726464155
robust,50,0.2,0.5,0.17056040577378168,0.3071600507210556,0.8739431010369243,0.8953776006805222
robust,50,0.2,0.6,0.17056040577378168,0.3071600507210556,0.9095307905674931,0.8080607337373796
robust,50,0.2,0.7,0.17056040577378168,0.3071600507210556,0.938231849907766,0.7282648232314947
robust,50,0.2,0.8,0.17056040577378168,0.3071600507210556,0.9601223788582196,0.651139851297577
robust,50,0.3,0.5,0.16972161437486918,0.3071600507210556,0.8650569062276894,0.9049710868953879
robust,50,0.3,0.6,0.16972161437486918,0.3071600507210556,0.900678885942975,0.8136080990940844
robust,50,0.3,0.7,0.16972161437486918,0.3071600507210556,0.9305072865785854,0.7273412853408314
robust,50,0.3,0.8,0.16972161437486918,0.3071600507210556,0.9566547012059908,0.6340762172644089
robust,50,0.5,0.5,0.16988454064506187,0.30248877044423905,0.8405033398156081,0.9123970712797428
robust,50,0.5,0.6,0.16988454064506187,0.30248877044423905,0.8772758180385288,0.8106604043775448
robust,50,0.5,0.7,0.16988454064506187,0.30248877044423905,0.9211189179229159,0.6783026218733853
robust,50,0.5,0.8,0.16988454064506187,0.30248877044423905,0.9509911412182985,0.5773445847792363
robust,50,0.7,0.5,0.16869927346468255,0.2978701455006555,0.8233156204527946,0.8803386141329268
robust,50,0.7,0.6,0.16869927346468255,0.2978701455006555,0.866840738687969,0.7599682163956
robust,50,0.7,0.7,0.16869927346468255,0.2978701455006555,0.9141835420441232,0.6288000796433683
robust,50,0.7,0.8,0.16869927346468255,0.2978701455006555,0.9462549469880172,0.526931954488108
