row_norm,k_graph,alpha,conf_threshold,mean_macro_f1,mean_acc,mean_conf_assigned,pct_assigned
none,10,0.1,0.5,0.1498996989879126,0.2918233789679555,0.9283044979705811,0.8134672361086449
none,10,0.1,0.6,0.1498996989879126,0.2918233789679555,0.9517939767149527,0.7662817381863986
none,10,0.1,0.7,0.1498996989879126,0.2918233789679555,0.9685380820836729,0.7260195584538626
none,10,0.1,0.8,0.1498996989879126,0.2918233789679555,0.9801552156813519,0.6893795483956268
none,10,0.2,0.5,0.15076455689938437,0.28715209869113884,0.9149783187827921,0.8563961476920469
none,10,0.2,0.6,0.15076455689938437,0.28715209869113884,0.938579066299997,0.8050551096592665
none,10,0.2,0.7,0.15076455689938437,0.28715209869113884,0.9575185311533557,0.755526650013659
none,10,0.2,0.8,0.15076455689938437,0.28715209869113884,0.9723882544916235,0.7039083968156002
none,10,0.3,0.5,0.14126558570113285,0.27759784220593603,0.9015557781183046,0.8754397047137029
none,10,0.3,0.6,0.14126558570113285,0.27759784220593603,0.9276969237015694,0.8152281961035395
none,10,0.3,0.7,0.14126558570113285,0.27759784220593603,0.9494644855748783,0.7551162406094059
none,10,0.3,0.8,0.14126558570113285,0.27759784220593603,0.9674366954682757,0.6913327476241767
none,10,0.5,0.5,0.13984501951096198,0.2778358658041222,0.8781750194895088,0.872674819109429
none,10,0.5,0.6,0.13984501951096198,0.2778358658041222,0.9083119082694212,0.7991458076794443
none,10,0.5,0.7,0.13984501951096198,0.2778358658041222,0.9377847863784673,0.7155976683169906
none,10,0.5,0.8,0.13984501951096198,0.2778358658041222,0.9638492764975074,0.6285388319784584
none,10,0.7,0.5,0.139761802627125,0.27266113606567943,0.8589465082681284,0.8273398650736166
none,10,0.7,0.6,0.139761802627125,0.27266113606567943,0.8930623504000398,0.7438621690107463
none,10,0.7,0.7,0.139761802627125,0.27266113606567943,0.9295516756302632,0.647745126833143
none,10,0.7,0.8,0.139761802627125,0.27266113606567943,0.9575179538650594,0.561282184585069
none,15,0.1,0.5,0.1679635631931521,0.30201379784650434,0.8987287742983184,0.9308575849181553
none,15,0.1,0.6,0.1679635631931521,0.30201379784650434,0.9328980452076591,0.8489253958632922
none,15,0.1,0.7,0.1679635631931521,0.30201379784650434,0.9566714284817385,0.7833054906766813
none,15,0.1,0.8,0.1679635631931521,0.30201379784650434,0.9722219050699762,0.7287427237330193
none,15,0.2,0.5,0.17172327460144884,0.306737733456554,0.8828873315507387,0.9371292070800132
none,15,0.2,0.6,0.17172327460144884,0.306737733456554,0.9170757539328571,0.8508013850610002
none,15,0.2,0.7,0.17172327460144884,0.306737733456554,0.943118016405375,0.7755828014361651
none,15,0.2,0.8,0.17172327460144884,0.306737733456554,0.9624813400136635,0.7042068822100412
none,15,0.3,0.5,0.1692955609965438,0.3020401255131208,0.867499838909601,0.9353490692121698
none,15,0.3,0.6,0.1692955609965438,0.3020401255131208,0.903177654730389,0.8419194301624899
none,15,0.3,0.7,0.1692955609965438,0.3020401255131208,0.9325521875678694,0.7541129328236577
none,15,0.3,0.8,0.1692955609965438,0.3020401255131208,0.9557344126080554,0.6696796343465109
none,15,0.5,0.5,0.1700977145030593,0.30896698832985886,0.8376685381888426,0.9033539722194583
none,15,0.5,0.6,0.1700977145030593,0.30896698832985886,0.8811826406841842,0.7852120339219714
none,15,0.5,0.7,0.1700977145030593,0.30896698832985886,0.9158449787966636,0.6827652389327571
none,15,0.5,0.8,0.1700977145030593,0.30896698832985886,0.9463300181606077,0.575659852279842
none,15,0.7,0.5,0.1682718763265212,0.3043220357196587,0.8066725622555152,0.8430736016512439
none,15,0.7,0.6,0.1682718763265212,0.3043220357196587,0.8579477627690636,0.7028704579542774
none,15,0.7,0.7,0.1682718763265212,0.3043220357196587,0.9012555006968611,0.5822609350397808
none,15,0.7,0.8,0.1682718763265212,0.3043220357196587,0.937734961508748,0.4681639651240959
none,20,0.1,0.5,0.1756463205501574,0.31284199101635535,0.8709766737362165,0.9297354322090171
none,20,0.1,0.6,0.1756463205501574,0.31284199101635535,0.9173484032695628,0.8133199011136393
none,20,0.1,0.7,0.1756463205501574,0.31284199101635535,0.9467677607246577,0.7331645192237369
none,20,0.1,0.8,0.1756463205501574,0.31284199101635535,0.9663227852744423,0.6669609352962681
none,20,0.2,0.5,0.17212339667472487,0.3081707107395388,0.8539830921606001,0.9192906007644219
none,20,0.2,0.6,0.17212339667472487,0.3081707107395388,0.9009328433864551,0.7971710231207361
none,20,0.2,0.7,0.17212339667472487,0.3081707107395388,0.9311240004293522,0.7113632007450824
none,20,0.2,0.8,0.17212339667472487,0.3081707107395388,0.952664378962912,0.635571401400724
none,20,0.3,0.5,0.17649439383050622,0.31552204001805323,0.8374030069826804,0.9037847286072003
none,20,0.3,0.6,0.17649439383050622,0.31552204001805323,0.8840792814659603,0.7790100993717801
none,20,0.3,0.7,0.17649439383050622,0.31552204001805323,0.9162823849263942,0.6854197334496667
none,20,0.3,0.8,0.17649439383050622,0.31552204001805323,0.9417162176084787,0.5939484188531118
none,20,0.5,0.5,0.18450060872691193,0.3249699112381526,0.8041583046461219,0.8653055408907013
none,20,0.5,0.6,0.18450060872691193,0.3249699112381526,0.8535255404022105,0.7259709412666365
none,20,0.5,0.7,0.18450060872691193,0.3249699112381526,0.8925987671617706,0.6084309067654058
none,20,0.5,0.8,0.18450060872691193,0.3249699112381526,0.9274715236833723,0.4856944568487038
none,20,0.7,0.5,0.18889508915417721,0.33916804573491804,0.7638508903801048,0.8054096801369605
none,20,0.7,0.6,0.18889508915417721,0.33916804573491804,0.8221560059387132,0.6358235833398076
none,20,0.7,0.7,0.18889508915417721,0.33916804573491804,0.8676085432980414,0.5028062130806236
none,20,0.7,0.8,0.18889508915417721,0.33916804573491804,0.9122544783119584,0.3626260409928264
none,25,0.1,0.5,0.18546460304872442,0.31815158288379286,0.8657891517559447,0.9337581614935805
none,25,0.1,0.6,0.18546460304872442,0.31815158288379286,0.9121917974185728,0.8156057191729623
none,25,0.1,0.7,0.18546460304872442,0.31815158288379286,0.9433023214343016,0.7286557242192523
none,25,0.1,0.8,0.18546460304872442,0.31815158288379286,0.964199280191874,0.6575549805257376
none,25,0.2,0.5,0.18917924480834886,0.322849190827226,0.8464271786214477,0.9242028315117192
none,25,0.2,0.6,0.18917924480834886,0.322849190827226,0.8937940894800303,0.7987420436304312
none,25,0.2,0.7,0.18917924480834886,0.322849190827226,0.9264953569819633,0.70389226234113
none,25,0.2,0.8,0.18917924480834886,0.322849190827226,0.9507323278242845,0.6186949217947778
none,25,0.3,0.5,0.1933561489877897,0.3251848309656343,0.8303053027070556,0.9071353079255581
none,25,0.3,0.6,0.1933561489877897,0.3251848309656343,0.8777202683745319,0.7782968678670477
none,25,0.3,0.7,0.1933561489877897,0.3251848309656343,0.9122220234699232,0.67543772782886
none,25,0.3,0.8,0.1933561489877897,0.3251848309656343,0.9402765299909984,0.5760651949953001
none,25,0.5,0.5,0.1971017721026543,0.3298824389090674,0.7961960533389104,0.8672774634218671
none,25,0.5,0.6,0.1971017721026543,0.3298824389090674,0.8464715345668784,0.7221806851162839
none,25,0.5,0.7,0.1971017721026543,0.3298824389090674,0.886067197635921,0.6011226953482177
none,25,0.5,0.8,0.1971017721026543,0.3298824389090674,0.9222018255895557,0.4745033963052223
none,25,0.7,0.5,0.18937346616981912,0.33219067678222175,0.7548198815537162,0.8008605156049814
none,25,0.7,0.6,0.18937346616981912,0.33219067678222175,0.8119512213432073,0.627793956935938
none,25,0.7,0.7,0.18937346616981912,0.33219067678222175,0.859922943092716,0.483652771389997
none,25,0.7,0.8,0.18937346616981912,0.33219067678222175,0.9095134994890063,0.33322890258424187
none,30,0.1,0.5,0.17839584820701912,0.307510369876851,0.8628638916017825,0.9293136439550436
none,30,0.1,0.6,0.17839584820701912,0.307510369876851,0.9109719874093042,0.807440811207933
none,30,0.1,0.7,0.17839584820701912,0.307510369876851,0.9430031203118032,0.7193230481708857
none,30,0.1,0.8,0.17839584820701912,0.307510369876851,0.9637979766872912,0.6495053058727027
none,30,0.2,0.5,0.17665920302200383,0.30278643426680135,0.8455918723366406,0.9184733221181541
none,30,0.2,0.6,0.17665920302200383,0.30278643426680135,0.8929883901076382,0.7933579655940587
none,30,0.2,0.7,0.17665920302200383,0.30278643426680135,0.9257144579877917,0.6995263938603093
none,30,0.2,0.8,0.17665920302200383,0.30278643426680135,0.9490886268070972,0.6178672557348772
none,30,0.3,0.5,0.16312301214147146,0.2957531861849599,0.8282360485512674,0.9067496221669122
none,30,0.3,0.6,0.16312301214147146,0.2957531861849599,0.8766205402879058,0.7741857101342188
none,30,0.3,0.7,0.16312301214147146,0.2957531861849599,0.9107152379077333,0.673539464465947
none,30,0.3,0.8,0.16312301214147146,0.2957531861849599,0.9385349921377157,0.5741519839483532
none,30,0.5,0.5,0.16742449025420714,0.30299813019837085,0.7934816123599071,0.8667546711330093
none,30,0.5,0.6,0.16742449025420714,0.30299813019837085,0.8450420708360203,0.7159647955097763
none,30,0.5,0.7,0.16742449025420714,0.30299813019837085,0.8833730224368977,0.5980409837060029
none,30,0.5,0.8,0.16742449025420714,0.30299813019837085,0.919192752837796,0.4709361364995719
none,30,0.7,0.5,0.16740154422490036,0.3128967955468632,0.753007597061445,0.7965355107403274
none,30,0.7,0.6,0.16740154422490036,0.3128967955468632,0.8075017570129601,0.6283937830646433
none,30,0.7,0.7,0.16740154422490036,0.3128967955468632,0.8550798689611403,0.48243623534177127
none,30,0.7,0.8,0.16740154422490036,0.3128967955468632,0.9029884909331739,0.330585112478841
standard,10,0.1,0.5,0.12603494645286473,0.2423837821573642,0.9238232089133254,0.8529290220071252
standard,10,0.1,0.6,0.12603494645286473,0.2423837821573642,0.9486634961523605,0.8013823329460186
standard,10,0.1,0.7,0.12603494645286473,0.2423837821573642,0.9647982009020128,0.7616912771604477
standard,10,0.1,0.8,0.12603494645286473,0.2423837821573642,0.9784401307964045,0.7178407331755704
standard,10,0.2,0.5,0.12606691093206102,0.24004814201895588,0.9125780192987617,0.853068077995237
standard,10,0.2,0.6,0.12606691093206102,0.24004814201895588,0.9387279175979266,0.7974705669743677
standard,10,0.2,0.7,0.12606691093206102,0.24004814201895588,0.9563753772466699,0.7526595759673241
standard,10,0.2,0.8,0.12606691093206102,0.24004814201895588,0.9723902826259936,0.699894759861825
standard,10,0.3,0.5,0.1263497043467239,0.2378978701455006,0.9028946315016979,0.8489720922646934
standard,10,0.3,0.6,0.1263497043467239,0.2378978701455006,0.9302276779188552,0.7896392524961042
standard,10,0.3,0.7,0.1263497043467239,0.2378978701455006,0.9492583611927451,0.740670227175524
standard,10,0.3,0.8,0.1263497043467239,0.2378978701455006,0.9676318914740749,0.6802245642602136
standard,10,0.5,0.5,0.13469582761588303,0.24020718261729246,0.8840108514187809,0.8380056936483857
standard,10,0.5,0.6,0.13469582761588303,0.24020718261729246,0.9143628451273044,0.7697176138632312
standard,10,0.5,0.7,0.13469582761588303,0.24020718261729246,0.9379206324263986,0.7082215173119422
standard,10,0.5,0.8,0.13469582761588303,0.24020718261729246,0.9600656438428786,0.6351732311300314
standard,10,0.7,0.5,0.1354910303643935,0.24272819102065385,0.8646405042938402,0.8191468381445729
standard,10,0.7,0.6,0.1354910303643935,0.24272819102065385,0.8982763998321698,0.7420120504389152
standard,10,0.7,0.7,0.1354910303643935,0.24272819102065385,0.9274016886094724,0.6659874355491385
standard,10,0.7,0.8,0.1354910303643935,0.24272819102065385,0.9524214596207137,0.5865934782282215
standard,15,0.1,0.5,0.13323579148693412,0.25607846719250354,0.9156075947370601,0.9061120269390103
standard,15,0.1,0.6,0.13323579148693412,0.25607846719250354,0.9412880973745574,0.8479051333239521
standard,15,0.1,0.7,0.13323579148693412,0.25607846719250354,0.9600171729499918,0.7979888454907099
standard,15,0.1,0.8,0.13323579148693412,0.25607846719250354,0.974890586722871,0.7462561023388515
standard,15,0.2,0.5,0.14177857088308812,0.26831277267940423,0.9043360354600467,0.9070640330385281
standard,15,0.2,0.6,0.14177857088308812,0.26831277267940423,0.9315001538200155,0.8435596130182499
standard,15,0.2,0.7,0.14177857088308812,0.26831277267940423,0.9519811619096267,0.7870700858307457
standard,15,0.2,0.8,0.14177857088308812,0.26831277267940423,0.9683655183733424,0.7287143110930291
standard,15,0.3,0.5,0.14319177164265443,0.2730367082894538,0.8934259772190453,0.9025351991476848
standard,15,0.3,0.6,0.14319177164265443,0.2730367082894538,0.9218509503970479,0.8347743157939517
standard,15,0.3,0.7,0.14319177164265443,0.2730367082894538,0.9443998485110697,0.7721554286467364
standard,15,0.3,0.8,0.14319177164265443,0.2730367082894538,0.9637132493787091,0.7028033692874508
standard,15,0.5,0.5,0.13887251770040998,0.2659771325409959,0.875739290807206,0.889716605629539
standard,15,0.5,0.6,0.13887251770040998,0.2659771325409959,0.9076901983224482,0.8110690525527865
standard,15,0.5,0.7,0.13887251770040998,0.2659771325409959,0.9342224425349251,0.7361416532545535
standard,15,0.5,0.8,0.13887251770040998,0.2659771325409959,0.9579543547198285,0.6523341553740245
standard,15,0.7,0.5,0.14506114673999865,0.26629521373766896,0.8583371636834966,0.8718422597307262
standard,15,0.7,0.6,0.14506114673999865,0.26629521373766896,0.8943905455699702,0.7808376192173284
standard,15,0.7,0.7,0.14506114673999865,0.26629521373766896,0.9252021799823544,0.6935887915455362
standard,15,0.7,0.8,0.14506114673999865,0.26629521373766896,0.9540436963715749,0.5963186510270321
standard,20,0.1,0.5,0.12623854018813824,0.24479733069698467,0.8649363132101481,0.9627432614668638
standard,20,0.1,0.6,0.12623854018813824,0.24479733069698467,0.9173934839972143,0.8254260565337038
standard,20,0.1,0.7,0.12623854018813824,0.24479733069698467,0.9430601598383089,0.7542382641534489
standard,20,0.1,0.8,0.12623854018813824,0.24479733069698467,0.965533327177729,0.6781660735853091
standard,20,0.2,0.5,0.1274290163786144,0.247318339100346,0.8519919989670554,0.9497217260788394
standard,20,0.2,0.6,0.1274290163786144,0.247318339100346,0.9050484656234142,0.8064350720594207
standard,20,0.2,0.7,0.1274290163786144,0.247318339100346,0.9342217469288888,0.7246007139478542
standard,20,0.2,0.8,0.1274290163786144,0.247318339100346,0.9591781792047644,0.6405250401931443
standard,20,0.3,0.5,0.1274290163786144,0.247318339100346,0.8411134436404519,0.9365733910541003
standard,20,0.3,0.6,0.1274290163786144,0.247318339100346,0.8931033032557104,0.792534086144918
standard,20,0.3,0.7,0.1274290163786144,0.247318339100346,0.9261550732990363,0.6998816013249892
standard,20,0.3,0.8,0.1274290163786144,0.247318339100346,0.9532831946299245,0.6093190456844507
standard,20,0.5,0.5,0.12930497945004452,0.2520422747103957,0.819421597627647,0.9189613331374301
standard,20,0.5,0.6,0.12930497945004452,0.2520422747103957,0.8759486001160331,0.7546661854104381
standard,20,0.5,0.7,0.12930497945004452,0.2520422747103957,0.91066342067609,0.6572642665038475
standard,20,0.5,0.8,0.12930497945004452,0.2520422747103957,0.9417058244078915,0.5542314013670918
standard,20,0.7,0.5,0.117809955082318,0.24036407401835416,0.798690773446442,0.8929993930005512
standard,20,0.7,0.6,0.117809955082318,0.24036407401835416,0.8596280541481018,0.7093183687754308
standard,20,0.7,0.7,0.117809955082318,0.24036407401835416,0.8962596033837008,0.6048169012394674
standard,20,0.7,0.8,0.117809955082318,0.24036407401835416,0.9342857590115518,0.4852354416871442
standard,25,0.1,0.5,0.1275568086204808,0.2406294998817942,0.877332176581988,0.9165422374979956
standard,25,0.1,0.6,0.1275568086204808,0.2406294998817942,0.9270589612036356,0.794651033392516
standard,25,0.1,0.7,0.1275568086204808,0.2406294998817942,0.950866218284074,0.7334770996302117
standard,25,0.1,0.8,0.1275568086204808,0.2406294998817942,0.9695122189559542,0.6725993195830745
standard,25,0.2,0.5,0.13039490377780555,0.24548614842356375,0.8649693667852644,0.9067898426920294
standard,25,0.2,0.6,0.13039490377780555,0.24548614842356375,0.9159586129257452,0.7792006743848269
standard,25,0.2,0.7,0.13039490377780555,0.24548614842356375,0.940651555176204,0.7142801753397405
standard,25,0.2,0.8,0.13039490377780555,0.24548614842356375,0.9614002663827147,0.6448697677001696
standard,25,0.3,0.5,0.13256242675847735,0.25021008403361344,0.852259198965062,0.898403714178377
standard,25,0.3,0.6,0.13256242675847735,0.25021008403361344,0.9049879175641306,0.7648034500003873
standard,25,0.3,0.7,0.13256242675847735,0.25021008403361344,0.9310039373100771,0.6951427122875744
standard,25,0.3,0.8,0.13256242675847735,0.25021008403361344,0.9546022943842599,0.6161034622629206
standard,25,0.5,0.5,0.1388369631545281,0.2624443895205141,0.8312033756946787,0.8714037514012963
standard,25,0.5,0.6,0.1388369631545281,0.2624443895205141,0.882862475677503,0.7352172279157516
standard,25,0.5,0.7,0.1388369631545281,0.2624443895205141,0.9135682421191681,0.6506074731972332
standard,25,0.5,0.8,0.1388369631545281,0.2624443895205141,0.9440631629703583,0.5498784567206522
standard,25,0.7,0.5,0.13565126610882527,0.25506673257538315,0.8054562355139755,0.8422459036605257
standard,25,0.7,0.6,0.13565126610882527,0.25506673257538315,0.8611407776700699,0.69083177612182
standard,25,0.7,0.7,0.13565126610882527,0.25506673257538315,0.9016139962989517,0.5799042691833164
standard,25,0.7,0.8,0.13565126610882527,0.25506673257538315,0.9375301259033267,0.4704191201138593
standard,30,0.1,0.5,0.12737104230338092,0.24954759397365078,0.8694227863611136,0.9135062914239868
standard,30,0.1,0.6,0.12737104230338092,0.24954759397365078,0.921690911655417,0.7882144459981325
standard,30,0.1,0.7,0.12737104230338092,0.24954759397365078,0.9475831552477288,0.7208794729407938
standard,30,0.1,0.8,0.12737104230338092,0.24954759397365078,0.9670816154496219,0.6571944719616353
standard,30,0.2,0.5,0.126314437229243,0.24734466676696248,0.855136870759959,0.901233158911
standard,30,0.2,0.6,0.126314437229243,0.24734466676696248,0.9083433990513381,0.7706527771980499
standard,30,0.2,0.7,0.126314437229243,0.24734466676696248,0.9362506954251965,0.6971778880179805
standard,30,0.2,0.8,0.126314437229243,0.24734466676696248,0.9576143059694343,0.6267174081710793
standard,30,0.3,0.5,0.12539916130087744,0.2450090266285542,0.8434422045883235,0.8868207074174714
standard,30,0.3,0.6,0.12539916130087744,0.2450090266285542,0.8962675117421671,0.7558675986536706
standard,30,0.3,0.7,0.12539916130087744,0.2450090266285542,0.9255988636336353,0.6774633241436713
standard,30,0.3,0.8,0.12539916130087744,0.2450090266285542,0.9499020564017595,0.5958020942456813
standard,30,0.5,0.5,0.12650004406180618,0.24721195383524247,0.8181808101681062,0.8621712206117503
standard,30,0.5,0.6,0.12650004406180618,0.24721195383524247,0.8740710198919014,0.7183391494342898
standard,30,0.5,0.7,0.12650004406180618,0.24721195383524247,0.906903165408751,0.6272544297370475
standard,30,0.5,0.8,0.12650004406180618,0.24721195383524247,0.9406438316899982,0.5151479181801443
standard,30,0.7,0.5,0.12586310880988535,0.2524656665735348,0.7907566168628045,0.8267110091865396
standard,30,0.7,0.6,0.12586310880988535,0.2524656665735348,0.8515848028190262,0.6645840934430481
standard,30,0.7,0.7,0.12586310880988535,0.2524656665735348,0.8953510839190599,0.5468248004726436
standard,30,0.7,0.8,0.12586310880988535,0.2524656665735348,0.9355892623685005,0.4302197926335762
robust,10,0.1,0.5,0.14167203528727684,0.28569548023813107,0.9230439808108125,0.8770995372305816
robust,10,0.1,0.6,0.14167203528727684,0.28569548023813107,0.9485140979993334,0.8208555379936836
robust,10,0.1,0.7,0.14167203528727684,0.28569548023813107,0.9665511691953349,0.773800377195303
robust,10,0.1,0.8,0.14167203528727684,0.28569548023813107,0.9775310001776486,0.7361434911369829
robust,10,0.2,0.5,0.14474359258784394,0.28821648864149235,0.9079523597756943,0.8958102139681343
robust,10,0.2,0.6,0.14474359258784394,0.28821648864149235,0.9360301775357001,0.8305119994661919
robust,10,0.2,0.7,0.14474359258784394,0.28821648864149235,0.9546454521847689,0.7797055517825294
robust,10,0.2,0.8,0.14474359258784394,0.28821648864149235,0.9687032549012821,0.7290293055957936
robust,10,0.3,0.5,0.15004874241599628,0.29800876872488125,0.8947268593472284,0.902875467245421
robust,10,0.3,0.6,0.15004874241599628,0.29800876872488125,0.9241902795989637,0.8313535459961038
robust,10,0.3,0.7,0.15004874241599628,0.29800876872488125,0.9444596432796946,0.7737656302397989
robust,10,0.3,0.8,0.15004874241599628,0.29800876872488125,0.9631876015206885,0.7041880974047307
robust,10,0.5,0.5,0.1429486101770121,0.2881364310430054,0.8673496130320477,0.8937592980225263
robust,10,0.5,0.6,0.1429486101770121,0.2881364310430054,0.9010287786344509,0.8084876525417842
robust,10,0.5,0.7,0.1429486101770121,0.2881364310430054,0.9285318717521348,0.727439070369898
robust,10,0.5,0.8,0.1429486101770121,0.2881364310430054,0.9521919621055522,0.641319839981371
robust,10,0.7,0.5,0.13749407027421803,0.2859335038363171,0.8356776702669507,0.8646569854156442
robust,10,0.7,0.6,0.13749407027421803,0.2859335038363171,0.8753314552398441,0.7587707802293616
robust,10,0.7,0.7,0.13749407027421803,0.2859335038363171,0.9093415774498723,0.6594858027927636
robust,10,0.7,0.8,0.13749407027421803,0.2859335038363171,0.943735649152099,0.5425884156654813
robust,15,0.1,0.5,0.13107929647246255,0.2518064003094844,0.8991221552281194,0.8926231843232414
robust,15,0.1,0.6,0.13107929647246255,0.2518064003094844,0.9333047901852725,0.813649851933675
robust,15,0.1,0.7,0.13107929647246255,0.2518064003094844,0.9546166374158687,0.7558673860571665
robust,15,0.1,0.8,0.13107929647246255,0.2518064003094844,0.9713599105668714,0.6982021219679929
robust,15,0.2,0.5,0.1402454503933997,0.26472952352296414,0.8817947787318658,0.8977181332541462
robust,15,0.2,0.6,0.1402454503933997,0.26472952352296414,0.9166180438417167,0.8134984274350406
robust,15,0.2,0.7,0.1402454503933997,0.26472952352296414,0.9400323292021686,0.7469308696350447
robust,15,0.2,0.8,0.1402454503933997,0.26472952352296414,0.9612610540009365,0.6709280489268075
robust,15,0.3,0.5,0.13359954237984462,0.25538696296933094,0.8672877601918518,0.8912450972324235
robust,15,0.3,0.6,0.13359954237984462,0.25538696296933094,0.9019957453258796,0.8046082793999471
robust,15,0.3,0.7,0.13359954237984462,0.25538696296933094,0.9288928975363221,0.7255569071673778
robust,15,0.3,0.8,0.13359954237984462,0.25538696296933094,0.9525985407194341,0.6400353217141169
robust,15,0.5,0.5,0.134897355447961,0.26008457091276405,0.8347881764519528,0.8672865961464772
robust,15,0.5,0.6,0.134897355447961,0.26008457091276405,0.8760644036611712,0.7584051251858979
robust,15,0.5,0.7,0.134897355447961,0.26008457091276405,0.9098707615909717,0.6597909671269532
robust,15,0.5,0.8,0.134897355447961,0.26008457091276405,0.9417118789860545,0.5500079216686978
robust,15,0.7,0.5,0.12798306174473995,0.25254787336929657,0.8001177938985141,0.8190245843571056
robust,15,0.7,0.6,0.12798306174473995,0.25254787336929657,0.8514136600332346,0.6799566988421034
robust,15,0.7,0.7,0.12798306174473995,0.25254787336929657,0.892961296279572,0.5634746561935615
robust,15,0.7,0.8,0.12798306174473995,0.25254787336929657,0.9336292920628781,0.4395723861679643
robust,20,0.1,0.5,0.15078398480742514,0.2808135786283823,0.8639731250780622,0.9514121661207323
robust,20,0.1,0.6,0.15078398480742514,0.2808135786283823,0.9216684171208267,0.8075208991466095
robust,20,0.1,0.7,0.15078398480742514,0.2808135786283823,0.9497534967787394,0.7338593906297873
robust,20,0.1,0.8,0.15078398480742514,0.2808135786283823,0.9687383046827661,0.6701579989270893
robust,20,0.2,0.5,0.14651110370928452,0.2714446904081325,0.8476790145412542,0.9462601204614165
robust,20,0.2,0.6,0.14651110370928452,0.2714446904081325,0.9063739393266829,0.7950158918678613
robust,20,0.2,0.7,0.14651110370928452,0.2714446904081325,0.9351084815813934,0.7164566553720763
robust,20,0.2,0.8,0.14651110370928452,0.2714446904081325,0.955973560687713,0.6432701988749071
robust,20,0.3,0.5,0.14157805170368312,0.26900373960325824,0.8322234898568893,0.933466648860778
robust,20,0.3,0.6,0.14157805170368312,0.26900373960325824,0.892707684690794,0.7739742142827639
robust,20,0.3,0.7,0.14157805170368312,0.26900373960325824,0.9235562178959532,0.6867282217417245
robust,20,0.3,0.8,0.14157805170368312,0.26900373960325824,0.9476681925838801,0.602186691094469
robust,20,0.5,0.5,0.13880766901051056,0.25958219604977545,0.8047297244932324,0.8931515653077532
robust,20,0.5,0.6,0.13880766901051056,0.25958219604977545,0.866876045352048,0.7228326436188638
robust,20,0.5,0.7,0.13880766901051056,0.25958219604977545,0.9043155216188983,0.6179086061440229
robust,20,0.5,0.8,0.13880766901051056,0.25958219604977545,0.935663091733209,0.5132279512238841
robust,20,0.7,0.5,0.13867628711478702,0.26194416385480024,0.7722533025340367,0.8374308744327412
robust,20,0.7,0.6,0.13867628711478702,0.26194416385480024,0.8401441550989799,0.6461069745390736
robust,20,0.7,0.7,0.13867628711478702,0.26194416385480024,0.8827048798988342,0.529184373836057
robust,20,0.7,0.8,0.13867628711478702,0.26194416385480024,0.9311419931741426,0.389627596833187
robust,25,0.1,0.5,0.13899142929061853,0.2690037396032582,0.8632950019733041,0.9546113619422526
robust,25,0.1,0.6,0.13899142929061853,0.2690037396032582,0.9236894455867019,0.8054967613381739
robust,25,0.1,0.7,0.13899142929061853,0.2690037396032582,0.9503514695785285,0.7351077747627235
robust,25,0.1,0.8,0.13899142929061853,0.2690037396032582,0.9691628715438473,0.6722219901899912
robust,25,0.2,0.5,0.13159587818094162,0.25252262030131745,0.8473032695905934,0.9476065736690803
robust,25,0.2,0.6,0.13159587818094162,0.25252262030131745,0.9077305538351218,0.7935496290272764
robust,25,0.2,0.7,0.13159587818094162,0.25252262030131745,0.9357039498613489,0.716702830572277
robust,25,0.2,0.8,0.13159587818094162,0.25252262030131745,0.9586743784393553,0.6370922006434164
robust,25,0.3,0.5,0.1346250702499261,0.2618915085215672,0.8328741790562203,0.9333033771289106
robust,25,0.3,0.6,0.1346250702499261,0.2618915085215672,0.8927138834596257,0.7758524402427757
robust,25,0.3,0.7,0.1346250702499261,0.2618915085215672,0.9254854724978497,0.6843749516414087
robust,25,0.3,0.8,0.1346250702499261,0.2618915085215672,0.9496623871772282,0.6006540385144801
robust,25,0.5,0.5,0.13336208137739788,0.25719390057813407,0.8068995173574636,0.8910344619566367
robust,25,0.5,0.6,0.13336208137739788,0.25719390057813407,0.8680649662975437,0.7228394268383892
robust,25,0.5,0.7,0.13336208137739788,0.25719390057813407,0.9042962263339417,0.6202682868971241
robust,25,0.5,0.8,0.13336208137739788,0.25719390057813407,0.9383086089001985,0.5071073224581407
robust,25,0.7,0.5,0.12999253239465816,0.25252262030131745,0.7731401815515225,0.8380891278784101
robust,25,0.7,0.6,0.12999253239465816,0.25252262030131745,0.838579775504086,0.6498651281309319
robust,25,0.7,0.7,0.12999253239465816,0.25252262030131745,0.8859452052191806,0.520326427897034
robust,25,0.7,0.8,0.12999253239465816,0.25252262030131745,0.9315021896441821,0.39200734959509465
robust,30,0.1,0.5,0.13764588037586542,0.271365707408283,0.8649066868951083,0.9556550123587056
robust,30,0.1,0.6,0.13764588037586542,0.271365707408283,0.9255947348451552,0.8055152341796372
robust,30,0.1,0.7,0.13764588037586542,0.271365707408283,0.9522824606495245,0.7356438871880249
robust,30,0.1,0.8,0.13764588037586542,0.271365707408283,0.9695964421739843,0.6779608086450745
robust,30,0.2,0.5,0.14066668406275912,0.2713920350748995,0.8492852177445499,0.9490359098441793
robust,30,0.2,0.6,0.14066668406275912,0.2713920350748995,0.9091183219213453,0.796823357068353
robust,30,0.2,0.7,0.14066668406275912,0.2713920350748995,0.9370737518796465,0.7200765551616252
robust,30,0.2,0.8,0.14066668406275912,0.2713920350748995,0.9584845806581788,0.6452944488424684
robust,30,0.3,0.5,0.14166734718279939,0.27367501988007475,0.834879968128179,0.9345261642731083
robust,30,0.3,0.6,0.14166734718279939,0.27367501988007475,0.8948138212112253,0.77779040538269
robust,30,0.3,0.7,0.14166734718279939,0.27367501988007475,0.9263159097627426,0.689470691620024
robust,30,0.3,0.8,0.14166734718279939,0.27367501988007475,0.949354760941454,0.6086552738006548
robust,30,0.5,0.5,0.1371138099800153,0.2642534763265921,0.8086544318867567,0.8928346182099407
robust,30,0.5,0.6,0.1371138099800153,0.2642534763265921,0.8695538705224016,0.7254251399173833
robust,30,0.5,0.7,0.1371138099800153,0.2642534763265921,0.9045642922166665,0.6258865222055591
robust,30,0.5,0.8,0.1371138099800153,0.2642534763265921,0.9382915597445459,0.5130331533176156
robust,30,0.7,0.5,0.1364358207597912,0.2642534763265921,0.7735213614816048,0.842632074436865
robust,30,0.7,0.6,0.1364358207597912,0.2642534763265921,0.8405476501643169,0.6492544395173622
robust,30,0.7,0.7,0.1364358207597912,0.2642534763265921,0.8860167113881664,0.5241123004057213
robust,30,0.7,0.8,0.1364358207597912,0.2642534763265921,0.9329065587857265,0.392001338405839
